student_number,school
1000000,Hogwarts
1000001,Hogwarts
1000002,Hogwarts
1000003,Hogwarts
1000004,Hogwarts
1000005,Hogwarts
1000006,Hogwarts
1000007,Hogwarts
1000008,Hogwarts
1000009,Hogwarts
1000010,Hogwarts
1000011,Hogwarts
1000012,Hogwarts
1000013,Hogwarts
1000014,Hogwarts
1000015,Hogwarts
1000016,Hogwarts
1000017,Hogwarts
1000018,Hogwarts
1000019,Hogwarts
1000020,Hogwarts
1000021,Hogwarts
1000022,Hogwarts
1000023,Hogwarts
1000024,Hogwarts
1000025,Hogwarts
1000026,Hogwarts
1000027,Hogwarts
1000028,Hogwarts
1000029,Hogwarts
1000030,Hogwarts
1000031,Hogwarts
1000032,Hogwarts
1000033,Hogwarts
1000034,Hogwarts
1000035,Hogwarts
1000036,Hogwarts
1000037,Hogwarts
1000038,Hogwarts
1000039,Hogwarts
1000040,Hogwarts
1000041,Hogwarts
1000042,Hogwarts
1000043,Hogwarts
1000044,Hogwarts
1000045,Hogwarts
1000046,Hogwarts
1000047,Hogwarts
1000048,Hogwarts
1000049,Hogwarts
1000050,Hogwarts
1000051,Hogwarts
1000052,Hogwarts
1000053,Hogwarts
1000054,Hogwarts
1000055,Hogwarts
1000056,Hogwarts
1000057,Hogwarts
1000058,Hogwarts
1000059,Hogwarts
1000060,Hogwarts
1000061,Hogwarts
1000062,Hogwarts
1000063,Hogwarts
1000064,Hogwarts
1000065,Hogwarts
1000066,Hogwarts
1000067,Hogwarts
1000068,Hogwarts
1000069,Hogwarts
1000070,Hogwarts
1000071,Hogwarts
1000072,Hogwarts
1000073,Hogwarts
1000074,Hogwarts
1000075,Hogwarts
1000076,Hogwarts
1000077,Hogwarts
1000078,Hogwarts
1000079,Hogwarts
1000080,Hogwarts
1000081,Hogwarts
1000082,Hogwarts
1000083,Hogwarts
1000084,Hogwarts
1000085,Hogwarts
1000086,Hogwarts
1000087,Hogwarts
1000088,Hogwarts
1000089,Hogwarts
1000090,Hogwarts
1000091,Hogwarts
1000092,Hogwarts
1000093,Hogwarts
1000094,Hogwarts
1000095,Hogwarts
1000096,Hogwarts
1000097,Hogwarts
1000098,Hogwarts
1000099,Hogwarts
1000100,Hogwarts
1000101,Hogwarts
1000102,Hogwarts
1000103,Hogwarts
1000104,Hogwarts
1000105,Hogwarts
1000106,Hogwarts
1000107,Hogwarts
1000108,Hogwarts
1000109,Hogwarts
1000110,Hogwarts
1000111,Hogwarts
1000112,Hogwarts
1000113,Hogwarts
1000114,Hogwarts
1000115,Hogwarts
1000116,Hogwarts
1000117,Hogwarts
1000118,Hogwarts
1000119,Hogwarts
1000120,Hogwarts
1000121,Hogwarts
1000122,Hogwarts
1000123,Hogwarts
1000124,Hogwarts
1000125,Hogwarts
1000126,Hogwarts
1000127,Hogwarts
1000128,Hogwarts
1000129,Hogwarts
1000130,Hogwarts
1000131,Hogwarts
1000132,Hogwarts
1000133,Hogwarts
1000134,Hogwarts
1000135,Hogwarts
1000136,Hogwarts
1000137,Hogwarts
1000138,Hogwarts
1000139,Hogwarts
1000140,Hogwarts
1000141,Hogwarts
1000142,Hogwarts
1000143,Hogwarts
1000144,Hogwarts
1000145,Hogwarts
1000146,Hogwarts
1000147,Hogwarts
1000148,Hogwarts
1000149,Hogwarts
1000150,Hogwarts
1000151,Hogwarts
1000152,Hogwarts
1000153,Hogwarts
1000154,Hogwarts
1000155,Hogwarts
1000156,Hogwarts
1000157,Hogwarts
1000158,Hogwarts
1000159,Hogwarts
1000160,Hogwarts
1000161,Hogwarts
1000162,Hogwarts
1000163,Hogwarts
1000164,Hogwarts
1000165,Hogwarts
1000166,Hogwarts
1000167,Hogwarts
1000168,Hogwarts
1000169,Hogwarts
1000170,Our Lady Immaculate
1000171,Our Lady Immaculate
1000172,Our Lady Immaculate
1000173,Our Lady Immaculate
1000174,Our Lady Immaculate
1000175,Our Lady Immaculate
1000176,Our Lady Immaculate
1000177,Our Lady Immaculate
1000178,Our Lady Immaculate
1000179,Our Lady Immaculate
1000180,Our Lady Immaculate
1000181,Our Lady Immaculate
1000182,Our Lady Immaculate
1000183,Our Lady Immaculate
1000184,Our Lady Immaculate
1000185,Our Lady Immaculate
1000186,Our Lady Immaculate
1000187,Our Lady Immaculate
1000188,Our Lady Immaculate
1000189,Our Lady Immaculate
1000190,Our Lady Immaculate
1000191,Our Lady Immaculate
1000192,Our Lady Immaculate
1000193,Our Lady Immaculate
1000194,Our Lady Immaculate
1000195,Our Lady Immaculate
1000196,Our Lady Immaculate
1000197,Our Lady Immaculate
1000198,Our Lady Immaculate
1000199,Our Lady Immaculate
1000200,Our Lady Immaculate
1000201,Our Lady Immaculate
1000202,Our Lady Immaculate
1000203,Our Lady Immaculate
1000204,Our Lady Immaculate
1000205,Our Lady Immaculate
1000206,Our Lady Immaculate
1000207,Our Lady Immaculate
1000208,Our Lady Immaculate
1000209,Our Lady Immaculate
1000210,Our Lady Immaculate
1000211,Our Lady Immaculate
1000212,Our Lady Immaculate
1000213,Our Lady Immaculate
1000214,Our Lady Immaculate
1000215,Our Lady Immaculate
1000216,Our Lady Immaculate
1000217,Our Lady Immaculate
1000218,Our Lady Immaculate
1000219,Our Lady Immaculate
1000220,Our Lady Immaculate
1000221,Our Lady Immaculate
1000222,Our Lady Immaculate
1000223,Our Lady Immaculate
1000224,Our Lady Immaculate
1000225,Our Lady Immaculate
1000226,Our Lady Immaculate
1000227,Our Lady Immaculate
1000228,Our Lady Immaculate
1000229,Our Lady Immaculate
1000230,Our Lady Immaculate
1000231,Our Lady Immaculate
1000232,Our Lady Immaculate
1000233,Our Lady Immaculate
1000234,Our Lady Immaculate
1000235,Our Lady Immaculate
1000236,Our Lady Immaculate
1000237,Our Lady Immaculate
1000238,Our Lady Immaculate
1000239,Our Lady Immaculate
1000240,Our Lady Immaculate
1000241,Our Lady Immaculate
1000242,Our Lady Immaculate
1000243,Our Lady Immaculate
1000244,Our Lady Immaculate
1000245,Our Lady Immaculate
1000246,Our Lady Immaculate
1000247,Our Lady Immaculate
1000248,Our Lady Immaculate
1000249,Our Lady Immaculate
1000250,Our Lady Immaculate
1000251,Our Lady Immaculate
1000252,Our Lady Immaculate
1000253,Our Lady Immaculate
1000254,Our Lady Immaculate
1000255,Our Lady Immaculate
1000256,Our Lady Immaculate
1000257,Our Lady Immaculate
1000258,Our Lady Immaculate
1000259,Our Lady Immaculate
1000260,Our Lady Immaculate
1000261,Our Lady Immaculate
1000262,Our Lady Immaculate
1000263,Our Lady Immaculate
1000264,Our Lady Immaculate
1000265,Our Lady Immaculate
1000266,Our Lady Immaculate
1000267,Our Lady Immaculate
1000268,Our Lady Immaculate
1000269,Our Lady Immaculate
1000270,Our Lady Immaculate
1000271,Our Lady Immaculate
1000272,Our Lady Immaculate
1000273,Our Lady Immaculate
1000274,Our Lady Immaculate
1000275,Our Lady Immaculate
1000276,Our Lady Immaculate
1000277,Our Lady Immaculate
1000278,Our Lady Immaculate
1000279,Our Lady Immaculate
1000280,Our Lady Immaculate
1000281,Our Lady Immaculate
1000282,Our Lady Immaculate
1000283,Our Lady Immaculate
1000284,Our Lady Immaculate
1000285,Our Lady Immaculate
1000286,Our Lady Immaculate
1000287,Our Lady Immaculate
1000288,Our Lady Immaculate
1000289,Our Lady Immaculate
1000290,Bronson Alcott High School
1000291,Bronson Alcott High School
1000292,Bronson Alcott High School
1000293,Bronson Alcott High School
1000294,Bronson Alcott High School
1000295,Bronson Alcott High School
1000296,Bronson Alcott High School
1000297,Bronson Alcott High School
1000298,Bronson Alcott High School
1000299,Bronson Alcott High School
1000300,Bronson Alcott High School
1000301,Bronson Alcott High School
1000302,Bronson Alcott High School
1000303,Bronson Alcott High School
1000304,Bronson Alcott High School
1000305,Bronson Alcott High School
1000306,Bronson Alcott High School
1000307,Bronson Alcott High School
1000308,Bronson Alcott High School
1000309,Bronson Alcott High School
1000310,Bronson Alcott High School
1000311,Bronson Alcott High School
1000312,Bronson Alcott High School
1000313,Bronson Alcott High School
1000314,Bronson Alcott High School
1000315,Bronson Alcott High School
1000316,Bronson Alcott High School
1000317,Bronson Alcott High School
1000318,Bronson Alcott High School
1000319,Bronson Alcott High School
1000320,Bronson Alcott High School
1000321,Bronson Alcott High School
1000322,Bronson Alcott High School
1000323,Bronson Alcott High School
1000324,Bronson Alcott High School
1000325,Bronson Alcott High School
1000326,Bronson Alcott High School
1000327,Bronson Alcott High School
1000328,Bronson Alcott High School
1000329,Bronson Alcott High School
1000330,Bronson Alcott High School
1000331,Bronson Alcott High School
1000332,Bronson Alcott High School
1000333,Bronson Alcott High School
1000334,Bronson Alcott High School
1000335,Bronson Alcott High School
1000336,Bronson Alcott High School
1000337,Bronson Alcott High School
1000338,Bronson Alcott High School
1000339,Bronson Alcott High School
1000340,Bronson Alcott High School
1000341,Bronson Alcott High School
1000342,Bronson Alcott High School
1000343,Bronson Alcott High School
1000344,Bronson Alcott High School
1000345,Bronson Alcott High School
1000346,Bronson Alcott High School
1000347,Bronson Alcott High School
1000348,Bronson Alcott High School
1000349,Bronson Alcott High School
1000350,Bronson Alcott High School
1000351,Bronson Alcott High School
1000352,Bronson Alcott High School
1000353,Bronson Alcott High School
1000354,Bronson Alcott High School
1000355,Bronson Alcott High School
1000356,Bronson Alcott High School
1000357,Bronson Alcott High School
1000358,Bronson Alcott High School
1000359,Bronson Alcott High School
1000360,Bronson Alcott High School
1000361,Bronson Alcott High School
1000362,Bronson Alcott High School
1000363,Bronson Alcott High School
1000364,Bronson Alcott High School
1000365,Bronson Alcott High School
1000366,Bronson Alcott High School
1000367,Bronson Alcott High School
1000368,Bronson Alcott High School
1000369,Bronson Alcott High School
1000370,Bronson Alcott High School
1000371,Bronson Alcott High School
1000372,Bronson Alcott High School
1000373,Bronson Alcott High School
1000374,Bronson Alcott High School
1000375,Bronson Alcott High School
1000376,Bronson Alcott High School
1000377,Bronson Alcott High School
1000378,Bronson Alcott High School
1000379,Bronson Alcott High School
1000380,Bronson Alcott High School
1000381,Bronson Alcott High School
1000382,Bronson Alcott High School
1000383,Bronson Alcott High School
1000384,Bronson Alcott High School
1000385,Bronson Alcott High School
1000386,Bronson Alcott High School
1000387,Bronson Alcott High School
1000388,Bronson Alcott High School
1000389,Bronson Alcott High School
1000390,Bronson Alcott High School
1000391,Bronson Alcott High School
1000392,Bronson Alcott High School
1000393,Bronson Alcott High School
1000394,Bronson Alcott High School
1000395,Bronson Alcott High School
1000396,Bronson Alcott High School
1000397,Bronson Alcott High School
1000398,Bronson Alcott High School
1000399,Bronson Alcott High School
1000400,Bronson Alcott High School
1000401,Bronson Alcott High School
1000402,Bronson Alcott High School
1000403,Bronson Alcott High School
1000404,Bronson Alcott High School
1000405,Bronson Alcott High School
1000406,Bronson Alcott High School
1000407,Bronson Alcott High School
1000408,Bronson Alcott High School
1000409,Bronson Alcott High School
1000410,Bronson Alcott High School
1000411,Bronson Alcott High School
1000412,Bronson Alcott High School
1000413,Bronson Alcott High School
1000414,Bronson Alcott High School
